Workbook

Sheet Estimator
A1: Prompt-run monthly cost estimator
A2: Edit the yellow cells. Everything else is calculated.
A4: Inputs | E4: Run cycles per month
A5: Number of prompts | B5: 50 | C5: How many prompts are tracked. | E5: Daily | F5: =365/12 | G5: 365 days ÷ 12 months
A6: Runs per prompt (per platform) | B6: 3 | C6: Tool default is 3 (range 1-5). Page-level audits use 1. | E6: Weekly | F6: =52/12 | G6: 52 weeks ÷ 12 months
A7: Run frequency | B7: Weekly | C7: Daily / Weekly / Monthly | E7: Monthly | F7: 1 | G7: 1 run cycle
A8: USD → GBP rate | B8: 0.75 | C8: Assumption — update to the current rate. | E8: Selected | F8: =INDEX($F$5:$F$7,MATCH($B$7,$E$5:$E$7,0))
A11: Platforms
A12: Platform | B12: Include? (Y/N) | C12: Cost per call ($) | D12: Calls per run cycle | E12: Calls per month | F12: Monthly cost ($) | G12: Monthly cost (£) | H12: Share of total
A13: =Pricing!A5 | B13: Y | C13: =Pricing!I5 | D13: =IF(B13="Y",$B$5*$B$6,0) | E13: =D13*$F$8 | F13: =E13*C13 | G13: =F13*$B$8 | H13: =IF($F$19=0,0,F13/$F$19)
A14: =Pricing!A6 | B14: Y | C14: =Pricing!I6 | D14: =IF(B14="Y",$B$5*$B$6,0) | E14: =D14*$F$8 | F14: =E14*C14 | G14: =F14*$B$8 | H14: =IF($F$19=0,0,F14/$F$19)
A15: =Pricing!A7 | B15: Y | C15: =Pricing!I7 | D15: =IF(B15="Y",$B$5*$B$6,0) | E15: =D15*$F$8 | F15: =E15*C15 | G15: =F15*$B$8 | H15: =IF($F$19=0,0,F15/$F$19)
A16: =Pricing!A8 | B16: Y | C16: =Pricing!I8 | D16: =IF(B16="Y",$B$5*$B$6,0) | E16: =D16*$F$8 | F16: =E16*C16 | G16: =F16*$B$8 | H16: =IF($F$19=0,0,F16/$F$19)
A17: =Pricing!A9 | B17: N | C17: =Pricing!I9 | D17: =IF(B17="Y",$B$5*$B$6,0) | E17: =D17*$F$8 | F17: =E17*C17 | G17: =F17*$B$8 | H17: =IF($F$19=0,0,F17/$F$19)
A18: =Pricing!A10 | B18: N | C18: =Pricing!I10 | D18: =IF(B18="Y",$B$5*$B$6,0) | E18: =D18*$F$8 | F18: =E18*C18 | G18: =F18*$B$8 | H18: =IF($F$19=0,0,F18/$F$19)
A19: Total | D19: =SUM(D13:D18) | E19: =SUM(E13:E18) | F19: =SUM(F13:F18) | G19: =SUM(G13:G18) | H19: =SUM(H13:H18)
A21: Estimated monthly cost | B21: =F19 | C21: =G19
A22: Cost per prompt per month | B22: =IF($B$5=0,0,F19/$B$5) | C22: =IF($B$5=0,0,G19/$B$5)
A23: Cost of one full run cycle | B23: =SUMPRODUCT(D13:D18,C13:C18) | C23: =B23*$B$8
A26: Frequency comparison (same prompts, runs and platforms)
A27: Frequency | B27: Run cycles / month | C27: Calls / month | D27: Monthly cost ($) | E27: Monthly cost (£) | F27: Annual cost ($)
A28: Daily | B28: =F5 | C28: =D19*B28 | D28: =$B$23*B28 | E28: =D28*$B$8 | F28: =D28*12
A29: Weekly | B29: =F6 | C29: =D19*B29 | D29: =$B$23*B29 | E29: =D29*$B$8 | F29: =D29*12
A30: Monthly | B30: =F7 | C30: =D19*B30 | D30: =$B$23*B30 | E30: =D30*$B$8 | F30: =D30*12
A33: Formula
A34: Monthly cost = Σ over included platforms [ prompts × runs per prompt × run cycles per month × cost per call ]
A35: Cost per call = input tokens × input $/1M ÷ 1,000,000 + output tokens × output $/1M ÷ 1,000,000 + search fee per call
A36: Run cycles per month: Daily = 365/12 ≈ 30.42 · Weekly = 52/12 ≈ 4.33 · Monthly = 1
A37: Excludes: Gemini's 5,000 free grounded requests/month, failed-call retries, prompt generation/sentiment calls, crawl costs, infrastructure.

Sheet Pricing
A1: Platform pricing & token assumptions (USD)
A2: Blue = editable input. Prices checked 13 Oct 2026 from public pricing pages / aggregators — verify before quoting to clients.
A4: Platform | B4: Model / service | C4: In tool today? | D4: Input $ / 1M tokens | E4: Output $ / 1M tokens | F4: Search / request fee $ per call | G4: Avg input tokens per call | H4: Avg output tokens per call (incl. thinking) | I4: Cost per call ($) | J4: Source / note
A5: ChatGPT | B5: OpenAI gpt-4o-search-preview + web search | C5: Yes | D5: 2.5 | E5: 10 | F5: 0.025 | G5: 200 | H5: 900 | I5: =G5*D5/1000000+H5*E5/1000000+F5 | J5: OpenAI model page: $2.50/$10 per 1M; web search preview $25 per 1K calls for non-reasoning models (search content tokens free).
A6: Gemini | B6: Google gemini-3.5-flash + Google Search grounding | C6: Yes | D6: 1.5 | E6: 9 | F6: 0.014 | G6: 200 | H6: 1500 | I6: =G6*D6/1000000+H6*E6/1000000+F6 | J6: Aggregators (costgoat, pricepertoken): $1.50/$9 per 1M; grounding $14 per 1K grounded queries after 5,000 free/month (free tier ignored = conservative). Thinking tokens bill as output.
A7: Claude | B7: Anthropic claude-haiku-4-5 (no web search) | C7: Yes | D7: 1 | E7: 5 | F7: 0 | G7: 200 | H7: 900 | I7: =G7*D7/1000000+H7*E7/1000000+F7 | J7: Anthropic API pricing: Haiku 4.5 $1/$5 per 1M. Tool sends no web search, so no per-call fee.
A8: Google AI Overviews (simulated) | B8: Google gemini-3.6-flash grounded (tool's AIO simulation) | C8: Yes | D8: 1.5 | E8: 9 | F8: 0.014 | G8: 250 | H8: 1500 | I8: =G8*D8/1000000+H8*E8/1000000+F8 | J8: Tool simulates AIO with a grounded Gemini Flash call (backend/google_aio.py). 3.6 Flash rate assumed equal to 3.5 Flash — verify.
A9: Perplexity (optional) | B9: Perplexity Sonar API, low search context | C9: No | D9: 1 | E9: 1 | F9: 0.005 | G9: 200 | H9: 700 | I9: =G9*D9/1000000+H9*E9/1000000+F9 | J9: Sonar $1/$1 per 1M + $5 per 1K requests (low context). Not called by the tool today.
A10: Real Google AIO (optional) | B10: SERP API (e.g. SerpApi) Google results incl. AI Overview | C10: No | D10: 0 | E10: 0 | F10: 0.015 | G10: 0 | H10: 0 | I10: =G10*D10/1000000+H10*E10/1000000+F10 | J10: Subscription-based; ~$0.009-$0.025 per search depending on plan ($0.015 ≈ mid plan). Not called by the tool today.
A12: Cost per call = input tokens × input price / 1,000,000 + output tokens × output price / 1,000,000 + search fee
A13: Token averages are estimates (prompt ≈ 150-250 tokens; replies capped at 1,800 tokens for OpenAI/Claude and 8,192 for Gemini in the tool). Replace with real usage logs when available.

Sheet Scenarios
A1: Scenario matrix — monthly cost ($) by prompt count and frequency
A2: Uses the platforms ticked on Estimator. Runs per prompt below (yellow) can differ from Estimator.
A4: Runs per prompt | B4: =Estimator!B6 | C4: Overwrite with a number to model a different run count.
A5: Cost of 1 call on every ticked platform ($) | B5: =SUMPRODUCT(--(Estimator!B13:B18="Y"),Estimator!C13:C18)
A7: Prompts | B7: Daily ($/mo) | C7: Weekly ($/mo) | D7: Monthly ($/mo) | E7: Daily (£/mo) | F7: Weekly (£/mo) | G7: Monthly (£/mo)
A8: 10 | B8: =$A8*$B$4*$B$5*Estimator!$F$5 | C8: =$A8*$B$4*$B$5*Estimator!$F$6 | D8: =$A8*$B$4*$B$5*Estimator!$F$7 | E8: =B8*Estimator!$B$8 | F8: =C8*Estimator!$B$8 | G8: =D8*Estimator!$B$8
A9: 25 | B9: =$A9*$B$4*$B$5*Estimator!$F$5 | C9: =$A9*$B$4*$B$5*Estimator!$F$6 | D9: =$A9*$B$4*$B$5*Estimator!$F$7 | E9: =B9*Estimator!$B$8 | F9: =C9*Estimator!$B$8 | G9: =D9*Estimator!$B$8
A10: 50 | B10: =$A10*$B$4*$B$5*Estimator!$F$5 | C10: =$A10*$B$4*$B$5*Estimator!$F$6 | D10: =$A10*$B$4*$B$5*Estimator!$F$7 | E10: =B10*Estimator!$B$8 | F10: =C10*Estimator!$B$8 | G10: =D10*Estimator!$B$8
A11: 80 | B11: =$A11*$B$4*$B$5*Estimator!$F$5 | C11: =$A11*$B$4*$B$5*Estimator!$F$6 | D11: =$A11*$B$4*$B$5*Estimator!$F$7 | E11: =B11*Estimator!$B$8 | F11: =C11*Estimator!$B$8 | G11: =D11*Estimator!$B$8
A12: 100 | B12: =$A12*$B$4*$B$5*Estimator!$F$5 | C12: =$A12*$B$4*$B$5*Estimator!$F$6 | D12: =$A12*$B$4*$B$5*Estimator!$F$7 | E12: =B12*Estimator!$B$8 | F12: =C12*Estimator!$B$8 | G12: =D12*Estimator!$B$8
A13: 200 | B13: =$A13*$B$4*$B$5*Estimator!$F$5 | C13: =$A13*$B$4*$B$5*Estimator!$F$6 | D13: =$A13*$B$4*$B$5*Estimator!$F$7 | E13: =B13*Estimator!$B$8 | F13: =C13*Estimator!$B$8 | G13: =D13*Estimator!$B$8
A14: 500 | B14: =$A14*$B$4*$B$5*Estimator!$F$5 | C14: =$A14*$B$4*$B$5*Estimator!$F$6 | D14: =$A14*$B$4*$B$5*Estimator!$F$7 | E14: =B14*Estimator!$B$8 | F14: =C14*Estimator!$B$8 | G14: =D14*Estimator!$B$8

Sheet Sources
A1: Sources (checked 13 Oct 2026)
A3: OpenAI gpt-4o-search-preview model page | B3: https://platform.openai.com/docs/models/gpt-4o-search-preview
A4: OpenAI pricing (verify web search per-call fee) | B4: https://developers.openai.com/api/docs/pricing
A5: Gemini API pricing aggregator (3.5 Flash, grounding) | B5: https://costgoat.com/pricing/gemini-api
A6: Gemini 3.5 Flash pricing aggregator | B6: https://pricepertoken.com/pricing-page/model/google-gemini-3.5-flash
A7: Google Cloud grounding pricing | B7: https://cloud.google.com/gemini-enterprise-agent-platform/generative-ai/pricing
A8: Anthropic Claude Haiku 4.5 pricing | B8: https://www.anthropic.com/pricing
A9: Perplexity Sonar pricing summary | B9: https://keirolabs.cloud/blog/perplexity-sonar-api-pricing-2026
A10: SerpApi pricing estimate | B10: https://www.buildmvpfast.com/tools/api-pricing-estimator/serpapi
A11: Tool code: models + runs | B11: backend/prompt_suggest.py, backend/google_aio.py, api/probe_history.py
